<application>
  <component name="FeatureSuggesterSettings">
    <option name="workingDays">
      <list>
        <option value="1724295755581" />
        <option value="1725355295727" />
        <option value="1725426973255" />
        <option value="1725950476034" />
        <option value="1726038222966" />
        <option value="1726111739032" />
        <option value="1726196822156" />
        <option value="1726280953858" />
        <option value="1726485115334" />
        <option value="1726802648023" />
        <option value="1726992232916" />
        <option value="1727073368960" />
        <option value="1727268221981" />
        <option value="1727318740356" />
        <option value="1727406838802" />
        <option value="1727593125888" />
        <option value="1729131540028" />
        <option value="1730185129358" />
        <option value="1730254695139" />
        <option value="1730431156532" />
        <option value="1733882519970" />
        <option value="1733974309867" />
        <option value="1734348322990" />
        <option value="1734404464104" />
        <option value="1734677007030" />
        <option value="1734933953205" />
        <option value="1735006971479" />
        <option value="1736157638471" />
        <option value="1736179684014" />
        <option value="1736654450700" />
      </list>
    </option>
  </component>
</application>