<application>
  <component name="FileTypeManager" version="18">
    <extensionMap>
      <mapping ext="sh" type="PLAIN_TEXT" />
      <mapping ext="release" type="PLAIN_TEXT" />
      <mapping ext="log" type="PLAIN_TEXT" />
      <removed_mapping ext="apk" approved="true" type="ARCHIVE" />
      <removed_mapping ext="bash" approved="true" type="Shell Script" />
      <removed_mapping ext="psd" approved="true" type="Image" />
      <removed_mapping ext="sh" approved="true" type="Shell Script" />
      <removed_mapping ext="zsh" approved="true" type="Shell Script" />
    </extensionMap>
  </component>
</application>