<application>
  <component name="FindSettings">
    <option name="customScope" value="All Places" />
    <option name="defaultScopeName" value="All Places" />
    <option name="SEARCH_SCOPE" value="All Places" />
    <option name="FILE_MASK" value="*.java" />
    <mask>*.css</mask>
    <mask>*.html</mask>
    <mask>*.jsp</mask>
    <mask>*.properties</mask>
    <mask>java</mask>
    <mask>DefaultProcessor({}) update sourc</mask>
    <mask>*java</mask>
    <mask>.sql</mask>
    <mask>*.sql</mask>
    <mask>*.xml</mask>
    <mask>*.java</mask>
  </component>
</application>