<application>
  <component name="ProjectJdkTable">
    <jdk version="2">
      <name value="1.8" />
      <type value="JavaSDK" />
      <version value="Oracle OpenJDK version 1.8.0_331" />
      <homePath value="/Library/Java/JavaVirtualMachines/jdk1.8.0_331.jdk/Contents/Home" />
      <roots>
        <annotationsPath>
          <root type="composite">
            <root url="jar://$APPLICATION_HOME_DIR$/plugins/java/lib/resources/jdkAnnotations.jar!/" type="simple" />
          </root>
        </annotationsPath>
        <classPath>
          <root type="composite">
            <root url="jar:///Library/Java/JavaVirtualMachines/jdk1.8.0_331.jdk/Contents/Home/jre/lib/charsets.jar!/" type="simple" />
            <root url="jar:///Library/Java/JavaVirtualMachines/jdk1.8.0_331.jdk/Contents/Home/jre/lib/deploy.jar!/" type="simple" />
            <root url="jar:///Library/Java/JavaVirtualMachines/jdk1.8.0_331.jdk/Contents/Home/jre/lib/ext/cldrdata.jar!/" type="simple" />
            <root url="jar:///Library/Java/JavaVirtualMachines/jdk1.8.0_331.jdk/Contents/Home/jre/lib/ext/dnsns.jar!/" type="simple" />
            <root url="jar:///Library/Java/JavaVirtualMachines/jdk1.8.0_331.jdk/Contents/Home/jre/lib/ext/jaccess.jar!/" type="simple" />
            <root url="jar:///Library/Java/JavaVirtualMachines/jdk1.8.0_331.jdk/Contents/Home/jre/lib/ext/jfxrt.jar!/" type="simple" />
            <root url="jar:///Library/Java/JavaVirtualMachines/jdk1.8.0_331.jdk/Contents/Home/jre/lib/ext/localedata.jar!/" type="simple" />
            <root url="jar:///Library/Java/JavaVirtualMachines/jdk1.8.0_331.jdk/Contents/Home/jre/lib/ext/nashorn.jar!/" type="simple" />
            <root url="jar:///Library/Java/JavaVirtualMachines/jdk1.8.0_331.jdk/Contents/Home/jre/lib/ext/sunec.jar!/" type="simple" />
            <root url="jar:///Library/Java/JavaVirtualMachines/jdk1.8.0_331.jdk/Contents/Home/jre/lib/ext/sunjce_provider.jar!/" type="simple" />
            <root url="jar:///Library/Java/JavaVirtualMachines/jdk1.8.0_331.jdk/Contents/Home/jre/lib/ext/sunpkcs11.jar!/" type="simple" />
            <root url="jar:///Library/Java/JavaVirtualMachines/jdk1.8.0_331.jdk/Contents/Home/jre/lib/ext/zipfs.jar!/" type="simple" />
            <root url="jar:///Library/Java/JavaVirtualMachines/jdk1.8.0_331.jdk/Contents/Home/jre/lib/javaws.jar!/" type="simple" />
            <root url="jar:///Library/Java/JavaVirtualMachines/jdk1.8.0_331.jdk/Contents/Home/jre/lib/jce.jar!/" type="simple" />
            <root url="jar:///Library/Java/JavaVirtualMachines/jdk1.8.0_331.jdk/Contents/Home/jre/lib/jfr.jar!/" type="simple" />
            <root url="jar:///Library/Java/JavaVirtualMachines/jdk1.8.0_331.jdk/Contents/Home/jre/lib/jfxswt.jar!/" type="simple" />
            <root url="jar:///Library/Java/JavaVirtualMachines/jdk1.8.0_331.jdk/Contents/Home/jre/lib/jsse.jar!/" type="simple" />
            <root url="jar:///Library/Java/JavaVirtualMachines/jdk1.8.0_331.jdk/Contents/Home/jre/lib/management-agent.jar!/" type="simple" />
            <root url="jar:///Library/Java/JavaVirtualMachines/jdk1.8.0_331.jdk/Contents/Home/jre/lib/plugin.jar!/" type="simple" />
            <root url="jar:///Library/Java/JavaVirtualMachines/jdk1.8.0_331.jdk/Contents/Home/jre/lib/resources.jar!/" type="simple" />
            <root url="jar:///Library/Java/JavaVirtualMachines/jdk1.8.0_331.jdk/Contents/Home/jre/lib/rt.jar!/" type="simple" />
          </root>
        </classPath>
        <javadocPath>
          <root type="composite" />
        </javadocPath>
        <sourcePath>
          <root type="composite">
            <root url="jar:///Library/Java/JavaVirtualMachines/jdk1.8.0_331.jdk/Contents/Home/src.zip!/" type="simple" />
            <root url="jar:///Library/Java/JavaVirtualMachines/jdk1.8.0_331.jdk/Contents/Home/javafx-src.zip!/" type="simple" />
          </root>
        </sourcePath>
      </roots>
      <additional />
    </jdk>
    <jdk version="2">
      <name value="Python 3.11" />
      <type value="Python SDK" />
      <version value="Python 3.11.9" />
      <homePath value="/usr/local/bin/python3.11" />
      <roots>
        <annotationsPath>
          <root type="composite" />
        </annotationsPath>
        <classPath>
          <root type="composite">
            <root url="file:///usr/local/Cellar/python@3.11/3.11.9_1/Frameworks/Python.framework/Versions/3.11/lib/python3.11" type="simple" />
            <root url="file:///usr/local/Cellar/python@3.11/3.11.9_1/Frameworks/Python.framework/Versions/3.11/lib/python3.11/lib-dynload" type="simple" />
            <root url="file:///usr/local/lib/python3.11/site-packages" type="simple" />
            <root url="file://$USER_HOME$/Library/Caches/JetBrains/IntelliJIdea2022.1/python_stubs/1456468621" type="simple" />
            <root url="file://$APPLICATION_PLUGINS_DIR$/python/helpers/python-skeletons" type="simple" />
            <root url="file://$APPLICATION_PLUGINS_DIR$/python/helpers/typeshed/stdlib" type="simple" />
            <root url="file://$APPLICATION_PLUGINS_DIR$/python/helpers/typeshed/stubs/six" type="simple" />
            <root url="file://$APPLICATION_PLUGINS_DIR$/python/helpers/typeshed/stubs/boto" type="simple" />
            <root url="file://$APPLICATION_PLUGINS_DIR$/python/helpers/typeshed/stubs/mock" type="simple" />
            <root url="file://$APPLICATION_PLUGINS_DIR$/python/helpers/typeshed/stubs/pytz" type="simple" />
            <root url="file://$APPLICATION_PLUGINS_DIR$/python/helpers/typeshed/stubs/toml" type="simple" />
            <root url="file://$APPLICATION_PLUGINS_DIR$/python/helpers/typeshed/stubs/annoy" type="simple" />
            <root url="file://$APPLICATION_PLUGINS_DIR$/python/helpers/typeshed/stubs/babel" type="simple" />
            <root url="file://$APPLICATION_PLUGINS_DIR$/python/helpers/typeshed/stubs/emoji" type="simple" />
            <root url="file://$APPLICATION_PLUGINS_DIR$/python/helpers/typeshed/stubs/first" type="simple" />
            <root url="file://$APPLICATION_PLUGINS_DIR$/python/helpers/typeshed/stubs/fpdf2" type="simple" />
            <root url="file://$APPLICATION_PLUGINS_DIR$/python/helpers/typeshed/stubs/ldap3" type="simple" />
            <root url="file://$APPLICATION_PLUGINS_DIR$/python/helpers/typeshed/stubs/polib" type="simple" />
            <root url="file://$APPLICATION_PLUGINS_DIR$/python/helpers/typeshed/stubs/redis" type="simple" />
            <root url="file://$APPLICATION_PLUGINS_DIR$/python/helpers/typeshed/stubs/regex" type="simple" />
            <root url="file://$APPLICATION_PLUGINS_DIR$/python/helpers/typeshed/stubs/retry" type="simple" />
            <root url="file://$APPLICATION_PLUGINS_DIR$/python/helpers/typeshed/stubs/ujson" type="simple" />
            <root url="file://$APPLICATION_PLUGINS_DIR$/python/helpers/typeshed/stubs/bleach" type="simple" />
            <root url="file://$APPLICATION_PLUGINS_DIR$/python/helpers/typeshed/stubs/caldav" type="simple" />
            <root url="file://$APPLICATION_PLUGINS_DIR$/python/helpers/typeshed/stubs/docopt" type="simple" />
            <root url="file://$APPLICATION_PLUGINS_DIR$/python/helpers/typeshed/stubs/enum34" type="simple" />
            <root url="file://$APPLICATION_PLUGINS_DIR$/python/helpers/typeshed/stubs/hdbcli" type="simple" />
            <root url="file://$APPLICATION_PLUGINS_DIR$/python/helpers/typeshed/stubs/invoke" type="simple" />
            <root url="file://$APPLICATION_PLUGINS_DIR$/python/helpers/typeshed/stubs/orjson" type="simple" />
            <root url="file://$APPLICATION_PLUGINS_DIR$/python/helpers/typeshed/stubs/passpy" type="simple" />
            <root url="file://$APPLICATION_PLUGINS_DIR$/python/helpers/typeshed/stubs/Pillow" type="simple" />
            <root url="file://$APPLICATION_PLUGINS_DIR$/python/helpers/typeshed/stubs/psutil" type="simple" />
            <root url="file://$APPLICATION_PLUGINS_DIR$/python/helpers/typeshed/stubs/pycurl" type="simple" />
            <root url="file://$APPLICATION_PLUGINS_DIR$/python/helpers/typeshed/stubs/pysftp" type="simple" />
            <root url="file://$APPLICATION_PLUGINS_DIR$/python/helpers/typeshed/stubs/PyYAML" type="simple" />
            <root url="file://$APPLICATION_PLUGINS_DIR$/python/helpers/typeshed/stubs/stripe" type="simple" />
            <root url="file://$APPLICATION_PLUGINS_DIR$/python/helpers/typeshed/stubs/xxhash" type="simple" />
            <root url="file://$APPLICATION_PLUGINS_DIR$/python/helpers/typeshed/stubs/appdirs" type="simple" />
            <root url="file://$APPLICATION_PLUGINS_DIR$/python/helpers/typeshed/stubs/certifi" type="simple" />
            <root url="file://$APPLICATION_PLUGINS_DIR$/python/helpers/typeshed/stubs/chardet" type="simple" />
            <root url="file://$APPLICATION_PLUGINS_DIR$/python/helpers/typeshed/stubs/chevron" type="simple" />
            <root url="file://$APPLICATION_PLUGINS_DIR$/python/helpers/typeshed/stubs/pyaudio" type="simple" />
            <root url="file://$APPLICATION_PLUGINS_DIR$/python/helpers/typeshed/stubs/PyMySQL" type="simple" />
            <root url="file://$APPLICATION_PLUGINS_DIR$/python/helpers/typeshed/stubs/pyvmomi" type="simple" />
            <root url="file://$APPLICATION_PLUGINS_DIR$/python/helpers/typeshed/stubs/slumber" type="simple" />
            <root url="file://$APPLICATION_PLUGINS_DIR$/python/helpers/typeshed/stubs/tzlocal" type="simple" />
            <root url="file://$APPLICATION_PLUGINS_DIR$/python/helpers/typeshed/stubs/urllib3" type="simple" />
            <root url="file://$APPLICATION_PLUGINS_DIR$/python/helpers/typeshed/stubs/vobject" type="simple" />
            <root url="file://$APPLICATION_PLUGINS_DIR$/python/helpers/typeshed/stubs/aiofiles" type="simple" />
            <root url="file://$APPLICATION_PLUGINS_DIR$/python/helpers/typeshed/stubs/colorama" type="simple" />
            <root url="file://$APPLICATION_PLUGINS_DIR$/python/helpers/typeshed/stubs/croniter" type="simple" />
            <root url="file://$APPLICATION_PLUGINS_DIR$/python/helpers/typeshed/stubs/docutils" type="simple" />
            <root url="file://$APPLICATION_PLUGINS_DIR$/python/helpers/typeshed/stubs/filelock" type="simple" />
            <root url="file://$APPLICATION_PLUGINS_DIR$/python/helpers/typeshed/stubs/html5lib" type="simple" />
            <root url="file://$APPLICATION_PLUGINS_DIR$/python/helpers/typeshed/stubs/httplib2" type="simple" />
            <root url="file://$APPLICATION_PLUGINS_DIR$/python/helpers/typeshed/stubs/jmespath" type="simple" />
            <root url="file://$APPLICATION_PLUGINS_DIR$/python/helpers/typeshed/stubs/Markdown" type="simple" />
            <root url="file://$APPLICATION_PLUGINS_DIR$/python/helpers/typeshed/stubs/oauthlib" type="simple" />
            <root url="file://$APPLICATION_PLUGINS_DIR$/python/helpers/typeshed/stubs/paramiko" type="simple" />
            <root url="file://$APPLICATION_PLUGINS_DIR$/python/helpers/typeshed/stubs/psycopg2" type="simple" />
            <root url="file://$APPLICATION_PLUGINS_DIR$/python/helpers/typeshed/stubs/pyflakes" type="simple" />
            <root url="file://$APPLICATION_PLUGINS_DIR$/python/helpers/typeshed/stubs/Pygments" type="simple" />
            <root url="file://$APPLICATION_PLUGINS_DIR$/python/helpers/typeshed/stubs/requests" type="simple" />
            <root url="file://$APPLICATION_PLUGINS_DIR$/python/helpers/typeshed/stubs/selenium" type="simple" />
            <root url="file://$APPLICATION_PLUGINS_DIR$/python/helpers/typeshed/stubs/tabulate" type="simple" />
            <root url="file://$APPLICATION_PLUGINS_DIR$/python/helpers/typeshed/stubs/toposort" type="simple" />
            <root url="file://$APPLICATION_PLUGINS_DIR$/python/helpers/typeshed/stubs/waitress" type="simple" />
            <root url="file://$APPLICATION_PLUGINS_DIR$/python/helpers/typeshed/stubs/braintree" type="simple" />
            <root url="file://$APPLICATION_PLUGINS_DIR$/python/helpers/typeshed/stubs/decorator" type="simple" />
            <root url="file://$APPLICATION_PLUGINS_DIR$/python/helpers/typeshed/stubs/freezegun" type="simple" />
            <root url="file://$APPLICATION_PLUGINS_DIR$/python/helpers/typeshed/stubs/ipaddress" type="simple" />
            <root url="file://$APPLICATION_PLUGINS_DIR$/python/helpers/typeshed/stubs/playsound" type="simple" />
            <root url="file://$APPLICATION_PLUGINS_DIR$/python/helpers/typeshed/stubs/pyOpenSSL" type="simple" />
            <root url="file://$APPLICATION_PLUGINS_DIR$/python/helpers/typeshed/stubs/pyRFC3339" type="simple" />
            <root url="file://$APPLICATION_PLUGINS_DIR$/python/helpers/typeshed/stubs/termcolor" type="simple" />
            <root url="file://$APPLICATION_PLUGINS_DIR$/python/helpers/typeshed/stubs/ttkthemes" type="simple" />
            <root url="file://$APPLICATION_PLUGINS_DIR$/python/helpers/typeshed/stubs/typed-ast" type="simple" />
            <root url="file://$APPLICATION_PLUGINS_DIR$/python/helpers/typeshed/stubs/cachetools" type="simple" />
            <root url="file://$APPLICATION_PLUGINS_DIR$/python/helpers/typeshed/stubs/commonmark" type="simple" />
            <root url="file://$APPLICATION_PLUGINS_DIR$/python/helpers/typeshed/stubs/dateparser" type="simple" />
            <root url="file://$APPLICATION_PLUGINS_DIR$/python/helpers/typeshed/stubs/Deprecated" type="simple" />
            <root url="file://$APPLICATION_PLUGINS_DIR$/python/helpers/typeshed/stubs/Flask-Cors" type="simple" />
            <root url="file://$APPLICATION_PLUGINS_DIR$/python/helpers/typeshed/stubs/frozendict" type="simple" />
            <root url="file://$APPLICATION_PLUGINS_DIR$/python/helpers/typeshed/stubs/jsonschema" type="simple" />
            <root url="file://$APPLICATION_PLUGINS_DIR$/python/helpers/typeshed/stubs/pyfarmhash" type="simple" />
            <root url="file://$APPLICATION_PLUGINS_DIR$/python/helpers/typeshed/stubs/Send2Trash" type="simple" />
            <root url="file://$APPLICATION_PLUGINS_DIR$/python/helpers/typeshed/stubs/setuptools" type="simple" />
            <root url="file://$APPLICATION_PLUGINS_DIR$/python/helpers/typeshed/stubs/simplejson" type="simple" />
            <root url="file://$APPLICATION_PLUGINS_DIR$/python/helpers/typeshed/stubs/SQLAlchemy" type="simple" />
            <root url="file://$APPLICATION_PLUGINS_DIR$/python/helpers/typeshed/stubs/contextvars" type="simple" />
            <root url="file://$APPLICATION_PLUGINS_DIR$/python/helpers/typeshed/stubs/dataclasses" type="simple" />
            <root url="file://$APPLICATION_PLUGINS_DIR$/python/helpers/typeshed/stubs/entrypoints" type="simple" />
            <root url="file://$APPLICATION_PLUGINS_DIR$/python/helpers/typeshed/stubs/flake8-2020" type="simple" />
            <root url="file://$APPLICATION_PLUGINS_DIR$/python/helpers/typeshed/stubs/JACK-Client" type="simple" />
            <root url="file://$APPLICATION_PLUGINS_DIR$/python/helpers/typeshed/stubs/mysqlclient" type="simple" />
            <root url="file://$APPLICATION_PLUGINS_DIR$/python/helpers/typeshed/stubs/opentracing" type="simple" />
            <root url="file://$APPLICATION_PLUGINS_DIR$/python/helpers/typeshed/stubs/pep8-naming" type="simple" />
            <root url="file://$APPLICATION_PLUGINS_DIR$/python/helpers/typeshed/stubs/prettytable" type="simple" />
            <root url="file://$APPLICATION_PLUGINS_DIR$/python/helpers/typeshed/stubs/python-nmap" type="simple" />
            <root url="file://$APPLICATION_PLUGINS_DIR$/python/helpers/typeshed/stubs/atomicwrites" type="simple" />
            <root url="file://$APPLICATION_PLUGINS_DIR$/python/helpers/typeshed/stubs/aws-xray-sdk" type="simple" />
            <root url="file://$APPLICATION_PLUGINS_DIR$/python/helpers/typeshed/stubs/cryptography" type="simple" />
            <root url="file://$APPLICATION_PLUGINS_DIR$/python/helpers/typeshed/stubs/editdistance" type="simple" />
            <root url="file://$APPLICATION_PLUGINS_DIR$/python/helpers/typeshed/stubs/backports_abc" type="simple" />
            <root url="file://$APPLICATION_PLUGINS_DIR$/python/helpers/typeshed/stubs/click-spinner" type="simple" />
            <root url="file://$APPLICATION_PLUGINS_DIR$/python/helpers/typeshed/stubs/DateTimeRange" type="simple" />
            <root url="file://$APPLICATION_PLUGINS_DIR$/python/helpers/typeshed/stubs/humanfriendly" type="simple" />
            <root url="file://$APPLICATION_PLUGINS_DIR$/python/helpers/typeshed/stubs/python-gflags" type="simple" />
            <root url="file://$APPLICATION_PLUGINS_DIR$/python/helpers/typeshed/stubs/beautifulsoup4" type="simple" />
            <root url="file://$APPLICATION_PLUGINS_DIR$/python/helpers/typeshed/stubs/characteristic" type="simple" />
            <root url="file://$APPLICATION_PLUGINS_DIR$/python/helpers/typeshed/stubs/flake8-bugbear" type="simple" />
            <root url="file://$APPLICATION_PLUGINS_DIR$/python/helpers/typeshed/stubs/python-slugify" type="simple" />
            <root url="file://$APPLICATION_PLUGINS_DIR$/python/helpers/typeshed/stubs/singledispatch" type="simple" />
            <root url="file://$APPLICATION_PLUGINS_DIR$/python/helpers/typeshed/stubs/flake8-builtins" type="simple" />
            <root url="file://$APPLICATION_PLUGINS_DIR$/python/helpers/typeshed/stubs/flake8-simplify" type="simple" />
            <root url="file://$APPLICATION_PLUGINS_DIR$/python/helpers/typeshed/stubs/mypy-extensions" type="simple" />
            <root url="file://$APPLICATION_PLUGINS_DIR$/python/helpers/typeshed/stubs/python-dateutil" type="simple" />
            <root url="file://$APPLICATION_PLUGINS_DIR$/python/helpers/typeshed/stubs/Flask-SQLAlchemy" type="simple" />
            <root url="file://$APPLICATION_PLUGINS_DIR$/python/helpers/typeshed/stubs/flake8-docstrings" type="simple" />
            <root url="file://$APPLICATION_PLUGINS_DIR$/python/helpers/typeshed/stubs/flake8-plugin-utils" type="simple" />
            <root url="file://$APPLICATION_PLUGINS_DIR$/python/helpers/typeshed/stubs/pytest-lazy-fixture" type="simple" />
            <root url="file://$APPLICATION_PLUGINS_DIR$/python/helpers/typeshed/stubs/flake8-rst-docstrings" type="simple" />
            <root url="file://$APPLICATION_PLUGINS_DIR$/python/helpers/typeshed/stubs/flake8-typing-imports" type="simple" />
            <root url="file://$APPLICATION_PLUGINS_DIR$/python/helpers/typeshed/stubs/backports.ssl_match_hostname" type="simple" />
          </root>
        </classPath>
        <javadocPath>
          <root type="composite" />
        </javadocPath>
        <sourcePath>
          <root type="composite" />
        </sourcePath>
      </roots>
      <additional />
    </jdk>
    <jdk version="2">
      <name value="Python 3.11 (meter-center)" />
      <type value="Python SDK" />
      <version value="Python 3.11.4" />
      <homePath value="$USER_HOME$/codespace/develop_ali/meter-center/tools-py/.venv/bin/python3" />
      <roots>
        <annotationsPath>
          <root type="composite" />
        </annotationsPath>
        <classPath>
          <root type="composite">
            <root url="file:///usr/local/Cellar/python@3.11/3.11.4_1/Frameworks/Python.framework/Versions/3.11/lib/python3.11" type="simple" />
            <root url="file:///usr/local/Cellar/python@3.11/3.11.4_1/Frameworks/Python.framework/Versions/3.11/lib/python3.11/lib-dynload" type="simple" />
            <root url="file://$USER_HOME$/codespace/develop_ali/meter-center/tools-py/.venv/lib/python3.11/site-packages" type="simple" />
            <root url="file://$USER_HOME$/Library/Caches/JetBrains/IntelliJIdea2022.1/python_stubs/50398507" type="simple" />
            <root url="file://$APPLICATION_PLUGINS_DIR$/python/helpers/python-skeletons" type="simple" />
            <root url="file://$APPLICATION_PLUGINS_DIR$/python/helpers/typeshed/stdlib" type="simple" />
            <root url="file://$APPLICATION_PLUGINS_DIR$/python/helpers/typeshed/stubs/six" type="simple" />
            <root url="file://$APPLICATION_PLUGINS_DIR$/python/helpers/typeshed/stubs/boto" type="simple" />
            <root url="file://$APPLICATION_PLUGINS_DIR$/python/helpers/typeshed/stubs/mock" type="simple" />
            <root url="file://$APPLICATION_PLUGINS_DIR$/python/helpers/typeshed/stubs/pytz" type="simple" />
            <root url="file://$APPLICATION_PLUGINS_DIR$/python/helpers/typeshed/stubs/toml" type="simple" />
            <root url="file://$APPLICATION_PLUGINS_DIR$/python/helpers/typeshed/stubs/annoy" type="simple" />
            <root url="file://$APPLICATION_PLUGINS_DIR$/python/helpers/typeshed/stubs/babel" type="simple" />
            <root url="file://$APPLICATION_PLUGINS_DIR$/python/helpers/typeshed/stubs/emoji" type="simple" />
            <root url="file://$APPLICATION_PLUGINS_DIR$/python/helpers/typeshed/stubs/first" type="simple" />
            <root url="file://$APPLICATION_PLUGINS_DIR$/python/helpers/typeshed/stubs/fpdf2" type="simple" />
            <root url="file://$APPLICATION_PLUGINS_DIR$/python/helpers/typeshed/stubs/ldap3" type="simple" />
            <root url="file://$APPLICATION_PLUGINS_DIR$/python/helpers/typeshed/stubs/polib" type="simple" />
            <root url="file://$APPLICATION_PLUGINS_DIR$/python/helpers/typeshed/stubs/redis" type="simple" />
            <root url="file://$APPLICATION_PLUGINS_DIR$/python/helpers/typeshed/stubs/regex" type="simple" />
            <root url="file://$APPLICATION_PLUGINS_DIR$/python/helpers/typeshed/stubs/retry" type="simple" />
            <root url="file://$APPLICATION_PLUGINS_DIR$/python/helpers/typeshed/stubs/ujson" type="simple" />
            <root url="file://$APPLICATION_PLUGINS_DIR$/python/helpers/typeshed/stubs/bleach" type="simple" />
            <root url="file://$APPLICATION_PLUGINS_DIR$/python/helpers/typeshed/stubs/caldav" type="simple" />
            <root url="file://$APPLICATION_PLUGINS_DIR$/python/helpers/typeshed/stubs/docopt" type="simple" />
            <root url="file://$APPLICATION_PLUGINS_DIR$/python/helpers/typeshed/stubs/enum34" type="simple" />
            <root url="file://$APPLICATION_PLUGINS_DIR$/python/helpers/typeshed/stubs/hdbcli" type="simple" />
            <root url="file://$APPLICATION_PLUGINS_DIR$/python/helpers/typeshed/stubs/invoke" type="simple" />
            <root url="file://$APPLICATION_PLUGINS_DIR$/python/helpers/typeshed/stubs/orjson" type="simple" />
            <root url="file://$APPLICATION_PLUGINS_DIR$/python/helpers/typeshed/stubs/passpy" type="simple" />
            <root url="file://$APPLICATION_PLUGINS_DIR$/python/helpers/typeshed/stubs/Pillow" type="simple" />
            <root url="file://$APPLICATION_PLUGINS_DIR$/python/helpers/typeshed/stubs/psutil" type="simple" />
            <root url="file://$APPLICATION_PLUGINS_DIR$/python/helpers/typeshed/stubs/pycurl" type="simple" />
            <root url="file://$APPLICATION_PLUGINS_DIR$/python/helpers/typeshed/stubs/pysftp" type="simple" />
            <root url="file://$APPLICATION_PLUGINS_DIR$/python/helpers/typeshed/stubs/PyYAML" type="simple" />
            <root url="file://$APPLICATION_PLUGINS_DIR$/python/helpers/typeshed/stubs/stripe" type="simple" />
            <root url="file://$APPLICATION_PLUGINS_DIR$/python/helpers/typeshed/stubs/xxhash" type="simple" />
            <root url="file://$APPLICATION_PLUGINS_DIR$/python/helpers/typeshed/stubs/appdirs" type="simple" />
            <root url="file://$APPLICATION_PLUGINS_DIR$/python/helpers/typeshed/stubs/certifi" type="simple" />
            <root url="file://$APPLICATION_PLUGINS_DIR$/python/helpers/typeshed/stubs/chardet" type="simple" />
            <root url="file://$APPLICATION_PLUGINS_DIR$/python/helpers/typeshed/stubs/chevron" type="simple" />
            <root url="file://$APPLICATION_PLUGINS_DIR$/python/helpers/typeshed/stubs/pyaudio" type="simple" />
            <root url="file://$APPLICATION_PLUGINS_DIR$/python/helpers/typeshed/stubs/PyMySQL" type="simple" />
            <root url="file://$APPLICATION_PLUGINS_DIR$/python/helpers/typeshed/stubs/pyvmomi" type="simple" />
            <root url="file://$APPLICATION_PLUGINS_DIR$/python/helpers/typeshed/stubs/slumber" type="simple" />
            <root url="file://$APPLICATION_PLUGINS_DIR$/python/helpers/typeshed/stubs/tzlocal" type="simple" />
            <root url="file://$APPLICATION_PLUGINS_DIR$/python/helpers/typeshed/stubs/urllib3" type="simple" />
            <root url="file://$APPLICATION_PLUGINS_DIR$/python/helpers/typeshed/stubs/vobject" type="simple" />
            <root url="file://$APPLICATION_PLUGINS_DIR$/python/helpers/typeshed/stubs/aiofiles" type="simple" />
            <root url="file://$APPLICATION_PLUGINS_DIR$/python/helpers/typeshed/stubs/colorama" type="simple" />
            <root url="file://$APPLICATION_PLUGINS_DIR$/python/helpers/typeshed/stubs/croniter" type="simple" />
            <root url="file://$APPLICATION_PLUGINS_DIR$/python/helpers/typeshed/stubs/docutils" type="simple" />
            <root url="file://$APPLICATION_PLUGINS_DIR$/python/helpers/typeshed/stubs/filelock" type="simple" />
            <root url="file://$APPLICATION_PLUGINS_DIR$/python/helpers/typeshed/stubs/html5lib" type="simple" />
            <root url="file://$APPLICATION_PLUGINS_DIR$/python/helpers/typeshed/stubs/httplib2" type="simple" />
            <root url="file://$APPLICATION_PLUGINS_DIR$/python/helpers/typeshed/stubs/jmespath" type="simple" />
            <root url="file://$APPLICATION_PLUGINS_DIR$/python/helpers/typeshed/stubs/Markdown" type="simple" />
            <root url="file://$APPLICATION_PLUGINS_DIR$/python/helpers/typeshed/stubs/oauthlib" type="simple" />
            <root url="file://$APPLICATION_PLUGINS_DIR$/python/helpers/typeshed/stubs/paramiko" type="simple" />
            <root url="file://$APPLICATION_PLUGINS_DIR$/python/helpers/typeshed/stubs/psycopg2" type="simple" />
            <root url="file://$APPLICATION_PLUGINS_DIR$/python/helpers/typeshed/stubs/pyflakes" type="simple" />
            <root url="file://$APPLICATION_PLUGINS_DIR$/python/helpers/typeshed/stubs/Pygments" type="simple" />
            <root url="file://$APPLICATION_PLUGINS_DIR$/python/helpers/typeshed/stubs/requests" type="simple" />
            <root url="file://$APPLICATION_PLUGINS_DIR$/python/helpers/typeshed/stubs/selenium" type="simple" />
            <root url="file://$APPLICATION_PLUGINS_DIR$/python/helpers/typeshed/stubs/tabulate" type="simple" />
            <root url="file://$APPLICATION_PLUGINS_DIR$/python/helpers/typeshed/stubs/toposort" type="simple" />
            <root url="file://$APPLICATION_PLUGINS_DIR$/python/helpers/typeshed/stubs/waitress" type="simple" />
            <root url="file://$APPLICATION_PLUGINS_DIR$/python/helpers/typeshed/stubs/braintree" type="simple" />
            <root url="file://$APPLICATION_PLUGINS_DIR$/python/helpers/typeshed/stubs/decorator" type="simple" />
            <root url="file://$APPLICATION_PLUGINS_DIR$/python/helpers/typeshed/stubs/freezegun" type="simple" />
            <root url="file://$APPLICATION_PLUGINS_DIR$/python/helpers/typeshed/stubs/ipaddress" type="simple" />
            <root url="file://$APPLICATION_PLUGINS_DIR$/python/helpers/typeshed/stubs/playsound" type="simple" />
            <root url="file://$APPLICATION_PLUGINS_DIR$/python/helpers/typeshed/stubs/pyOpenSSL" type="simple" />
            <root url="file://$APPLICATION_PLUGINS_DIR$/python/helpers/typeshed/stubs/pyRFC3339" type="simple" />
            <root url="file://$APPLICATION_PLUGINS_DIR$/python/helpers/typeshed/stubs/termcolor" type="simple" />
            <root url="file://$APPLICATION_PLUGINS_DIR$/python/helpers/typeshed/stubs/ttkthemes" type="simple" />
            <root url="file://$APPLICATION_PLUGINS_DIR$/python/helpers/typeshed/stubs/typed-ast" type="simple" />
            <root url="file://$APPLICATION_PLUGINS_DIR$/python/helpers/typeshed/stubs/cachetools" type="simple" />
            <root url="file://$APPLICATION_PLUGINS_DIR$/python/helpers/typeshed/stubs/commonmark" type="simple" />
            <root url="file://$APPLICATION_PLUGINS_DIR$/python/helpers/typeshed/stubs/dateparser" type="simple" />
            <root url="file://$APPLICATION_PLUGINS_DIR$/python/helpers/typeshed/stubs/Deprecated" type="simple" />
            <root url="file://$APPLICATION_PLUGINS_DIR$/python/helpers/typeshed/stubs/Flask-Cors" type="simple" />
            <root url="file://$APPLICATION_PLUGINS_DIR$/python/helpers/typeshed/stubs/frozendict" type="simple" />
            <root url="file://$APPLICATION_PLUGINS_DIR$/python/helpers/typeshed/stubs/jsonschema" type="simple" />
            <root url="file://$APPLICATION_PLUGINS_DIR$/python/helpers/typeshed/stubs/pyfarmhash" type="simple" />
            <root url="file://$APPLICATION_PLUGINS_DIR$/python/helpers/typeshed/stubs/Send2Trash" type="simple" />
            <root url="file://$APPLICATION_PLUGINS_DIR$/python/helpers/typeshed/stubs/setuptools" type="simple" />
            <root url="file://$APPLICATION_PLUGINS_DIR$/python/helpers/typeshed/stubs/simplejson" type="simple" />
            <root url="file://$APPLICATION_PLUGINS_DIR$/python/helpers/typeshed/stubs/SQLAlchemy" type="simple" />
            <root url="file://$APPLICATION_PLUGINS_DIR$/python/helpers/typeshed/stubs/contextvars" type="simple" />
            <root url="file://$APPLICATION_PLUGINS_DIR$/python/helpers/typeshed/stubs/dataclasses" type="simple" />
            <root url="file://$APPLICATION_PLUGINS_DIR$/python/helpers/typeshed/stubs/entrypoints" type="simple" />
            <root url="file://$APPLICATION_PLUGINS_DIR$/python/helpers/typeshed/stubs/flake8-2020" type="simple" />
            <root url="file://$APPLICATION_PLUGINS_DIR$/python/helpers/typeshed/stubs/JACK-Client" type="simple" />
            <root url="file://$APPLICATION_PLUGINS_DIR$/python/helpers/typeshed/stubs/mysqlclient" type="simple" />
            <root url="file://$APPLICATION_PLUGINS_DIR$/python/helpers/typeshed/stubs/opentracing" type="simple" />
            <root url="file://$APPLICATION_PLUGINS_DIR$/python/helpers/typeshed/stubs/pep8-naming" type="simple" />
            <root url="file://$APPLICATION_PLUGINS_DIR$/python/helpers/typeshed/stubs/prettytable" type="simple" />
            <root url="file://$APPLICATION_PLUGINS_DIR$/python/helpers/typeshed/stubs/python-nmap" type="simple" />
            <root url="file://$APPLICATION_PLUGINS_DIR$/python/helpers/typeshed/stubs/atomicwrites" type="simple" />
            <root url="file://$APPLICATION_PLUGINS_DIR$/python/helpers/typeshed/stubs/aws-xray-sdk" type="simple" />
            <root url="file://$APPLICATION_PLUGINS_DIR$/python/helpers/typeshed/stubs/cryptography" type="simple" />
            <root url="file://$APPLICATION_PLUGINS_DIR$/python/helpers/typeshed/stubs/editdistance" type="simple" />
            <root url="file://$APPLICATION_PLUGINS_DIR$/python/helpers/typeshed/stubs/backports_abc" type="simple" />
            <root url="file://$APPLICATION_PLUGINS_DIR$/python/helpers/typeshed/stubs/click-spinner" type="simple" />
            <root url="file://$APPLICATION_PLUGINS_DIR$/python/helpers/typeshed/stubs/DateTimeRange" type="simple" />
            <root url="file://$APPLICATION_PLUGINS_DIR$/python/helpers/typeshed/stubs/humanfriendly" type="simple" />
            <root url="file://$APPLICATION_PLUGINS_DIR$/python/helpers/typeshed/stubs/python-gflags" type="simple" />
            <root url="file://$APPLICATION_PLUGINS_DIR$/python/helpers/typeshed/stubs/beautifulsoup4" type="simple" />
            <root url="file://$APPLICATION_PLUGINS_DIR$/python/helpers/typeshed/stubs/characteristic" type="simple" />
            <root url="file://$APPLICATION_PLUGINS_DIR$/python/helpers/typeshed/stubs/flake8-bugbear" type="simple" />
            <root url="file://$APPLICATION_PLUGINS_DIR$/python/helpers/typeshed/stubs/python-slugify" type="simple" />
            <root url="file://$APPLICATION_PLUGINS_DIR$/python/helpers/typeshed/stubs/singledispatch" type="simple" />
            <root url="file://$APPLICATION_PLUGINS_DIR$/python/helpers/typeshed/stubs/flake8-builtins" type="simple" />
            <root url="file://$APPLICATION_PLUGINS_DIR$/python/helpers/typeshed/stubs/flake8-simplify" type="simple" />
            <root url="file://$APPLICATION_PLUGINS_DIR$/python/helpers/typeshed/stubs/mypy-extensions" type="simple" />
            <root url="file://$APPLICATION_PLUGINS_DIR$/python/helpers/typeshed/stubs/python-dateutil" type="simple" />
            <root url="file://$APPLICATION_PLUGINS_DIR$/python/helpers/typeshed/stubs/Flask-SQLAlchemy" type="simple" />
            <root url="file://$APPLICATION_PLUGINS_DIR$/python/helpers/typeshed/stubs/flake8-docstrings" type="simple" />
            <root url="file://$APPLICATION_PLUGINS_DIR$/python/helpers/typeshed/stubs/flake8-plugin-utils" type="simple" />
            <root url="file://$APPLICATION_PLUGINS_DIR$/python/helpers/typeshed/stubs/pytest-lazy-fixture" type="simple" />
            <root url="file://$APPLICATION_PLUGINS_DIR$/python/helpers/typeshed/stubs/flake8-rst-docstrings" type="simple" />
            <root url="file://$APPLICATION_PLUGINS_DIR$/python/helpers/typeshed/stubs/flake8-typing-imports" type="simple" />
            <root url="file://$APPLICATION_PLUGINS_DIR$/python/helpers/typeshed/stubs/backports.ssl_match_hostname" type="simple" />
          </root>
        </classPath>
        <javadocPath>
          <root type="composite" />
        </javadocPath>
        <sourcePath>
          <root type="composite" />
        </sourcePath>
      </roots>
      <additional />
    </jdk>
    <jdk version="2">
      <name value="17" />
      <type value="JavaSDK" />
      <version value="version 17.0.9" />
      <homePath value="/usr/local/Cellar/openjdk@17/17.0.9/libexec/openjdk.jdk/Contents/Home" />
      <roots>
        <annotationsPath>
          <root type="composite">
            <root url="jar://$APPLICATION_HOME_DIR$/plugins/java/lib/resources/jdkAnnotations.jar!/" type="simple" />
          </root>
        </annotationsPath>
        <classPath>
          <root type="composite">
            <root url="jrt:///usr/local/Cellar/openjdk@17/17.0.9/libexec/openjdk.jdk/Contents/Home!/java.base" type="simple" />
            <root url="jrt:///usr/local/Cellar/openjdk@17/17.0.9/libexec/openjdk.jdk/Contents/Home!/java.compiler" type="simple" />
            <root url="jrt:///usr/local/Cellar/openjdk@17/17.0.9/libexec/openjdk.jdk/Contents/Home!/java.datatransfer" type="simple" />
            <root url="jrt:///usr/local/Cellar/openjdk@17/17.0.9/libexec/openjdk.jdk/Contents/Home!/java.desktop" type="simple" />
            <root url="jrt:///usr/local/Cellar/openjdk@17/17.0.9/libexec/openjdk.jdk/Contents/Home!/java.instrument" type="simple" />
            <root url="jrt:///usr/local/Cellar/openjdk@17/17.0.9/libexec/openjdk.jdk/Contents/Home!/java.logging" type="simple" />
            <root url="jrt:///usr/local/Cellar/openjdk@17/17.0.9/libexec/openjdk.jdk/Contents/Home!/java.management" type="simple" />
            <root url="jrt:///usr/local/Cellar/openjdk@17/17.0.9/libexec/openjdk.jdk/Contents/Home!/java.management.rmi" type="simple" />
            <root url="jrt:///usr/local/Cellar/openjdk@17/17.0.9/libexec/openjdk.jdk/Contents/Home!/java.naming" type="simple" />
            <root url="jrt:///usr/local/Cellar/openjdk@17/17.0.9/libexec/openjdk.jdk/Contents/Home!/java.net.http" type="simple" />
            <root url="jrt:///usr/local/Cellar/openjdk@17/17.0.9/libexec/openjdk.jdk/Contents/Home!/java.prefs" type="simple" />
            <root url="jrt:///usr/local/Cellar/openjdk@17/17.0.9/libexec/openjdk.jdk/Contents/Home!/java.rmi" type="simple" />
            <root url="jrt:///usr/local/Cellar/openjdk@17/17.0.9/libexec/openjdk.jdk/Contents/Home!/java.scripting" type="simple" />
            <root url="jrt:///usr/local/Cellar/openjdk@17/17.0.9/libexec/openjdk.jdk/Contents/Home!/java.se" type="simple" />
            <root url="jrt:///usr/local/Cellar/openjdk@17/17.0.9/libexec/openjdk.jdk/Contents/Home!/java.security.jgss" type="simple" />
            <root url="jrt:///usr/local/Cellar/openjdk@17/17.0.9/libexec/openjdk.jdk/Contents/Home!/java.security.sasl" type="simple" />
            <root url="jrt:///usr/local/Cellar/openjdk@17/17.0.9/libexec/openjdk.jdk/Contents/Home!/java.smartcardio" type="simple" />
            <root url="jrt:///usr/local/Cellar/openjdk@17/17.0.9/libexec/openjdk.jdk/Contents/Home!/java.sql" type="simple" />
            <root url="jrt:///usr/local/Cellar/openjdk@17/17.0.9/libexec/openjdk.jdk/Contents/Home!/java.sql.rowset" type="simple" />
            <root url="jrt:///usr/local/Cellar/openjdk@17/17.0.9/libexec/openjdk.jdk/Contents/Home!/java.transaction.xa" type="simple" />
            <root url="jrt:///usr/local/Cellar/openjdk@17/17.0.9/libexec/openjdk.jdk/Contents/Home!/java.xml" type="simple" />
            <root url="jrt:///usr/local/Cellar/openjdk@17/17.0.9/libexec/openjdk.jdk/Contents/Home!/java.xml.crypto" type="simple" />
            <root url="jrt:///usr/local/Cellar/openjdk@17/17.0.9/libexec/openjdk.jdk/Contents/Home!/jdk.accessibility" type="simple" />
            <root url="jrt:///usr/local/Cellar/openjdk@17/17.0.9/libexec/openjdk.jdk/Contents/Home!/jdk.attach" type="simple" />
            <root url="jrt:///usr/local/Cellar/openjdk@17/17.0.9/libexec/openjdk.jdk/Contents/Home!/jdk.charsets" type="simple" />
            <root url="jrt:///usr/local/Cellar/openjdk@17/17.0.9/libexec/openjdk.jdk/Contents/Home!/jdk.compiler" type="simple" />
            <root url="jrt:///usr/local/Cellar/openjdk@17/17.0.9/libexec/openjdk.jdk/Contents/Home!/jdk.crypto.cryptoki" type="simple" />
            <root url="jrt:///usr/local/Cellar/openjdk@17/17.0.9/libexec/openjdk.jdk/Contents/Home!/jdk.crypto.ec" type="simple" />
            <root url="jrt:///usr/local/Cellar/openjdk@17/17.0.9/libexec/openjdk.jdk/Contents/Home!/jdk.dynalink" type="simple" />
            <root url="jrt:///usr/local/Cellar/openjdk@17/17.0.9/libexec/openjdk.jdk/Contents/Home!/jdk.editpad" type="simple" />
            <root url="jrt:///usr/local/Cellar/openjdk@17/17.0.9/libexec/openjdk.jdk/Contents/Home!/jdk.hotspot.agent" type="simple" />
            <root url="jrt:///usr/local/Cellar/openjdk@17/17.0.9/libexec/openjdk.jdk/Contents/Home!/jdk.httpserver" type="simple" />
            <root url="jrt:///usr/local/Cellar/openjdk@17/17.0.9/libexec/openjdk.jdk/Contents/Home!/jdk.incubator.foreign" type="simple" />
            <root url="jrt:///usr/local/Cellar/openjdk@17/17.0.9/libexec/openjdk.jdk/Contents/Home!/jdk.incubator.vector" type="simple" />
            <root url="jrt:///usr/local/Cellar/openjdk@17/17.0.9/libexec/openjdk.jdk/Contents/Home!/jdk.internal.ed" type="simple" />
            <root url="jrt:///usr/local/Cellar/openjdk@17/17.0.9/libexec/openjdk.jdk/Contents/Home!/jdk.internal.jvmstat" type="simple" />
            <root url="jrt:///usr/local/Cellar/openjdk@17/17.0.9/libexec/openjdk.jdk/Contents/Home!/jdk.internal.le" type="simple" />
            <root url="jrt:///usr/local/Cellar/openjdk@17/17.0.9/libexec/openjdk.jdk/Contents/Home!/jdk.internal.opt" type="simple" />
            <root url="jrt:///usr/local/Cellar/openjdk@17/17.0.9/libexec/openjdk.jdk/Contents/Home!/jdk.internal.vm.ci" type="simple" />
            <root url="jrt:///usr/local/Cellar/openjdk@17/17.0.9/libexec/openjdk.jdk/Contents/Home!/jdk.internal.vm.compiler" type="simple" />
            <root url="jrt:///usr/local/Cellar/openjdk@17/17.0.9/libexec/openjdk.jdk/Contents/Home!/jdk.internal.vm.compiler.management" type="simple" />
            <root url="jrt:///usr/local/Cellar/openjdk@17/17.0.9/libexec/openjdk.jdk/Contents/Home!/jdk.jartool" type="simple" />
            <root url="jrt:///usr/local/Cellar/openjdk@17/17.0.9/libexec/openjdk.jdk/Contents/Home!/jdk.javadoc" type="simple" />
            <root url="jrt:///usr/local/Cellar/openjdk@17/17.0.9/libexec/openjdk.jdk/Contents/Home!/jdk.jcmd" type="simple" />
            <root url="jrt:///usr/local/Cellar/openjdk@17/17.0.9/libexec/openjdk.jdk/Contents/Home!/jdk.jconsole" type="simple" />
            <root url="jrt:///usr/local/Cellar/openjdk@17/17.0.9/libexec/openjdk.jdk/Contents/Home!/jdk.jdeps" type="simple" />
            <root url="jrt:///usr/local/Cellar/openjdk@17/17.0.9/libexec/openjdk.jdk/Contents/Home!/jdk.jdi" type="simple" />
            <root url="jrt:///usr/local/Cellar/openjdk@17/17.0.9/libexec/openjdk.jdk/Contents/Home!/jdk.jdwp.agent" type="simple" />
            <root url="jrt:///usr/local/Cellar/openjdk@17/17.0.9/libexec/openjdk.jdk/Contents/Home!/jdk.jfr" type="simple" />
            <root url="jrt:///usr/local/Cellar/openjdk@17/17.0.9/libexec/openjdk.jdk/Contents/Home!/jdk.jlink" type="simple" />
            <root url="jrt:///usr/local/Cellar/openjdk@17/17.0.9/libexec/openjdk.jdk/Contents/Home!/jdk.jpackage" type="simple" />
            <root url="jrt:///usr/local/Cellar/openjdk@17/17.0.9/libexec/openjdk.jdk/Contents/Home!/jdk.jshell" type="simple" />
            <root url="jrt:///usr/local/Cellar/openjdk@17/17.0.9/libexec/openjdk.jdk/Contents/Home!/jdk.jsobject" type="simple" />
            <root url="jrt:///usr/local/Cellar/openjdk@17/17.0.9/libexec/openjdk.jdk/Contents/Home!/jdk.jstatd" type="simple" />
            <root url="jrt:///usr/local/Cellar/openjdk@17/17.0.9/libexec/openjdk.jdk/Contents/Home!/jdk.localedata" type="simple" />
            <root url="jrt:///usr/local/Cellar/openjdk@17/17.0.9/libexec/openjdk.jdk/Contents/Home!/jdk.management" type="simple" />
            <root url="jrt:///usr/local/Cellar/openjdk@17/17.0.9/libexec/openjdk.jdk/Contents/Home!/jdk.management.agent" type="simple" />
            <root url="jrt:///usr/local/Cellar/openjdk@17/17.0.9/libexec/openjdk.jdk/Contents/Home!/jdk.management.jfr" type="simple" />
            <root url="jrt:///usr/local/Cellar/openjdk@17/17.0.9/libexec/openjdk.jdk/Contents/Home!/jdk.naming.dns" type="simple" />
            <root url="jrt:///usr/local/Cellar/openjdk@17/17.0.9/libexec/openjdk.jdk/Contents/Home!/jdk.naming.rmi" type="simple" />
            <root url="jrt:///usr/local/Cellar/openjdk@17/17.0.9/libexec/openjdk.jdk/Contents/Home!/jdk.net" type="simple" />
            <root url="jrt:///usr/local/Cellar/openjdk@17/17.0.9/libexec/openjdk.jdk/Contents/Home!/jdk.nio.mapmode" type="simple" />
            <root url="jrt:///usr/local/Cellar/openjdk@17/17.0.9/libexec/openjdk.jdk/Contents/Home!/jdk.random" type="simple" />
            <root url="jrt:///usr/local/Cellar/openjdk@17/17.0.9/libexec/openjdk.jdk/Contents/Home!/jdk.sctp" type="simple" />
            <root url="jrt:///usr/local/Cellar/openjdk@17/17.0.9/libexec/openjdk.jdk/Contents/Home!/jdk.security.auth" type="simple" />
            <root url="jrt:///usr/local/Cellar/openjdk@17/17.0.9/libexec/openjdk.jdk/Contents/Home!/jdk.security.jgss" type="simple" />
            <root url="jrt:///usr/local/Cellar/openjdk@17/17.0.9/libexec/openjdk.jdk/Contents/Home!/jdk.unsupported" type="simple" />
            <root url="jrt:///usr/local/Cellar/openjdk@17/17.0.9/libexec/openjdk.jdk/Contents/Home!/jdk.unsupported.desktop" type="simple" />
            <root url="jrt:///usr/local/Cellar/openjdk@17/17.0.9/libexec/openjdk.jdk/Contents/Home!/jdk.xml.dom" type="simple" />
            <root url="jrt:///usr/local/Cellar/openjdk@17/17.0.9/libexec/openjdk.jdk/Contents/Home!/jdk.zipfs" type="simple" />
          </root>
        </classPath>
        <javadocPath>
          <root type="composite" />
        </javadocPath>
        <sourcePath>
          <root type="composite">
            <root url="jar:///usr/local/Cellar/openjdk@17/17.0.9/libexec/openjdk.jdk/Contents/Home/lib/src.zip!/java.se" type="simple" />
            <root url="jar:///usr/local/Cellar/openjdk@17/17.0.9/libexec/openjdk.jdk/Contents/Home/lib/src.zip!/jdk.jdi" type="simple" />
            <root url="jar:///usr/local/Cellar/openjdk@17/17.0.9/libexec/openjdk.jdk/Contents/Home/lib/src.zip!/jdk.jfr" type="simple" />
            <root url="jar:///usr/local/Cellar/openjdk@17/17.0.9/libexec/openjdk.jdk/Contents/Home/lib/src.zip!/jdk.net" type="simple" />
            <root url="jar:///usr/local/Cellar/openjdk@17/17.0.9/libexec/openjdk.jdk/Contents/Home/lib/src.zip!/java.rmi" type="simple" />
            <root url="jar:///usr/local/Cellar/openjdk@17/17.0.9/libexec/openjdk.jdk/Contents/Home/lib/src.zip!/java.sql" type="simple" />
            <root url="jar:///usr/local/Cellar/openjdk@17/17.0.9/libexec/openjdk.jdk/Contents/Home/lib/src.zip!/java.xml" type="simple" />
            <root url="jar:///usr/local/Cellar/openjdk@17/17.0.9/libexec/openjdk.jdk/Contents/Home/lib/src.zip!/jdk.jcmd" type="simple" />
            <root url="jar:///usr/local/Cellar/openjdk@17/17.0.9/libexec/openjdk.jdk/Contents/Home/lib/src.zip!/jdk.sctp" type="simple" />
            <root url="jar:///usr/local/Cellar/openjdk@17/17.0.9/libexec/openjdk.jdk/Contents/Home/lib/src.zip!/java.base" type="simple" />
            <root url="jar:///usr/local/Cellar/openjdk@17/17.0.9/libexec/openjdk.jdk/Contents/Home/lib/src.zip!/jdk.jdeps" type="simple" />
            <root url="jar:///usr/local/Cellar/openjdk@17/17.0.9/libexec/openjdk.jdk/Contents/Home/lib/src.zip!/jdk.jlink" type="simple" />
            <root url="jar:///usr/local/Cellar/openjdk@17/17.0.9/libexec/openjdk.jdk/Contents/Home/lib/src.zip!/jdk.zipfs" type="simple" />
            <root url="jar:///usr/local/Cellar/openjdk@17/17.0.9/libexec/openjdk.jdk/Contents/Home/lib/src.zip!/java.prefs" type="simple" />
            <root url="jar:///usr/local/Cellar/openjdk@17/17.0.9/libexec/openjdk.jdk/Contents/Home/lib/src.zip!/jdk.attach" type="simple" />
            <root url="jar:///usr/local/Cellar/openjdk@17/17.0.9/libexec/openjdk.jdk/Contents/Home/lib/src.zip!/jdk.jshell" type="simple" />
            <root url="jar:///usr/local/Cellar/openjdk@17/17.0.9/libexec/openjdk.jdk/Contents/Home/lib/src.zip!/jdk.jstatd" type="simple" />
            <root url="jar:///usr/local/Cellar/openjdk@17/17.0.9/libexec/openjdk.jdk/Contents/Home/lib/src.zip!/jdk.random" type="simple" />
            <root url="jar:///usr/local/Cellar/openjdk@17/17.0.9/libexec/openjdk.jdk/Contents/Home/lib/src.zip!/java.naming" type="simple" />
            <root url="jar:///usr/local/Cellar/openjdk@17/17.0.9/libexec/openjdk.jdk/Contents/Home/lib/src.zip!/jdk.editpad" type="simple" />
            <root url="jar:///usr/local/Cellar/openjdk@17/17.0.9/libexec/openjdk.jdk/Contents/Home/lib/src.zip!/jdk.jartool" type="simple" />
            <root url="jar:///usr/local/Cellar/openjdk@17/17.0.9/libexec/openjdk.jdk/Contents/Home/lib/src.zip!/jdk.javadoc" type="simple" />
            <root url="jar:///usr/local/Cellar/openjdk@17/17.0.9/libexec/openjdk.jdk/Contents/Home/lib/src.zip!/jdk.xml.dom" type="simple" />
            <root url="jar:///usr/local/Cellar/openjdk@17/17.0.9/libexec/openjdk.jdk/Contents/Home/lib/src.zip!/java.desktop" type="simple" />
            <root url="jar:///usr/local/Cellar/openjdk@17/17.0.9/libexec/openjdk.jdk/Contents/Home/lib/src.zip!/java.logging" type="simple" />
            <root url="jar:///usr/local/Cellar/openjdk@17/17.0.9/libexec/openjdk.jdk/Contents/Home/lib/src.zip!/jdk.charsets" type="simple" />
            <root url="jar:///usr/local/Cellar/openjdk@17/17.0.9/libexec/openjdk.jdk/Contents/Home/lib/src.zip!/jdk.compiler" type="simple" />
            <root url="jar:///usr/local/Cellar/openjdk@17/17.0.9/libexec/openjdk.jdk/Contents/Home/lib/src.zip!/jdk.dynalink" type="simple" />
            <root url="jar:///usr/local/Cellar/openjdk@17/17.0.9/libexec/openjdk.jdk/Contents/Home/lib/src.zip!/jdk.jconsole" type="simple" />
            <root url="jar:///usr/local/Cellar/openjdk@17/17.0.9/libexec/openjdk.jdk/Contents/Home/lib/src.zip!/jdk.jpackage" type="simple" />
            <root url="jar:///usr/local/Cellar/openjdk@17/17.0.9/libexec/openjdk.jdk/Contents/Home/lib/src.zip!/jdk.jsobject" type="simple" />
            <root url="jar:///usr/local/Cellar/openjdk@17/17.0.9/libexec/openjdk.jdk/Contents/Home/lib/src.zip!/java.compiler" type="simple" />
            <root url="jar:///usr/local/Cellar/openjdk@17/17.0.9/libexec/openjdk.jdk/Contents/Home/lib/src.zip!/java.net.http" type="simple" />
            <root url="jar:///usr/local/Cellar/openjdk@17/17.0.9/libexec/openjdk.jdk/Contents/Home/lib/src.zip!/jdk.crypto.ec" type="simple" />
            <root url="jar:///usr/local/Cellar/openjdk@17/17.0.9/libexec/openjdk.jdk/Contents/Home/lib/src.zip!/java.scripting" type="simple" />
            <root url="jar:///usr/local/Cellar/openjdk@17/17.0.9/libexec/openjdk.jdk/Contents/Home/lib/src.zip!/jdk.httpserver" type="simple" />
            <root url="jar:///usr/local/Cellar/openjdk@17/17.0.9/libexec/openjdk.jdk/Contents/Home/lib/src.zip!/jdk.jdwp.agent" type="simple" />
            <root url="jar:///usr/local/Cellar/openjdk@17/17.0.9/libexec/openjdk.jdk/Contents/Home/lib/src.zip!/jdk.localedata" type="simple" />
            <root url="jar:///usr/local/Cellar/openjdk@17/17.0.9/libexec/openjdk.jdk/Contents/Home/lib/src.zip!/jdk.management" type="simple" />
            <root url="jar:///usr/local/Cellar/openjdk@17/17.0.9/libexec/openjdk.jdk/Contents/Home/lib/src.zip!/jdk.naming.dns" type="simple" />
            <root url="jar:///usr/local/Cellar/openjdk@17/17.0.9/libexec/openjdk.jdk/Contents/Home/lib/src.zip!/jdk.naming.rmi" type="simple" />
            <root url="jar:///usr/local/Cellar/openjdk@17/17.0.9/libexec/openjdk.jdk/Contents/Home/lib/src.zip!/java.instrument" type="simple" />
            <root url="jar:///usr/local/Cellar/openjdk@17/17.0.9/libexec/openjdk.jdk/Contents/Home/lib/src.zip!/java.management" type="simple" />
            <root url="jar:///usr/local/Cellar/openjdk@17/17.0.9/libexec/openjdk.jdk/Contents/Home/lib/src.zip!/java.sql.rowset" type="simple" />
            <root url="jar:///usr/local/Cellar/openjdk@17/17.0.9/libexec/openjdk.jdk/Contents/Home/lib/src.zip!/java.xml.crypto" type="simple" />
            <root url="jar:///usr/local/Cellar/openjdk@17/17.0.9/libexec/openjdk.jdk/Contents/Home/lib/src.zip!/jdk.internal.ed" type="simple" />
            <root url="jar:///usr/local/Cellar/openjdk@17/17.0.9/libexec/openjdk.jdk/Contents/Home/lib/src.zip!/jdk.internal.le" type="simple" />
            <root url="jar:///usr/local/Cellar/openjdk@17/17.0.9/libexec/openjdk.jdk/Contents/Home/lib/src.zip!/jdk.nio.mapmode" type="simple" />
            <root url="jar:///usr/local/Cellar/openjdk@17/17.0.9/libexec/openjdk.jdk/Contents/Home/lib/src.zip!/jdk.unsupported" type="simple" />
            <root url="jar:///usr/local/Cellar/openjdk@17/17.0.9/libexec/openjdk.jdk/Contents/Home/lib/src.zip!/java.smartcardio" type="simple" />
            <root url="jar:///usr/local/Cellar/openjdk@17/17.0.9/libexec/openjdk.jdk/Contents/Home/lib/src.zip!/jdk.internal.opt" type="simple" />
            <root url="jar:///usr/local/Cellar/openjdk@17/17.0.9/libexec/openjdk.jdk/Contents/Home/lib/src.zip!/java.datatransfer" type="simple" />
            <root url="jar:///usr/local/Cellar/openjdk@17/17.0.9/libexec/openjdk.jdk/Contents/Home/lib/src.zip!/jdk.accessibility" type="simple" />
            <root url="jar:///usr/local/Cellar/openjdk@17/17.0.9/libexec/openjdk.jdk/Contents/Home/lib/src.zip!/jdk.hotspot.agent" type="simple" />
            <root url="jar:///usr/local/Cellar/openjdk@17/17.0.9/libexec/openjdk.jdk/Contents/Home/lib/src.zip!/jdk.security.auth" type="simple" />
            <root url="jar:///usr/local/Cellar/openjdk@17/17.0.9/libexec/openjdk.jdk/Contents/Home/lib/src.zip!/jdk.security.jgss" type="simple" />
            <root url="jar:///usr/local/Cellar/openjdk@17/17.0.9/libexec/openjdk.jdk/Contents/Home/lib/src.zip!/java.security.jgss" type="simple" />
            <root url="jar:///usr/local/Cellar/openjdk@17/17.0.9/libexec/openjdk.jdk/Contents/Home/lib/src.zip!/java.security.sasl" type="simple" />
            <root url="jar:///usr/local/Cellar/openjdk@17/17.0.9/libexec/openjdk.jdk/Contents/Home/lib/src.zip!/jdk.internal.vm.ci" type="simple" />
            <root url="jar:///usr/local/Cellar/openjdk@17/17.0.9/libexec/openjdk.jdk/Contents/Home/lib/src.zip!/jdk.management.jfr" type="simple" />
            <root url="jar:///usr/local/Cellar/openjdk@17/17.0.9/libexec/openjdk.jdk/Contents/Home/lib/src.zip!/java.management.rmi" type="simple" />
            <root url="jar:///usr/local/Cellar/openjdk@17/17.0.9/libexec/openjdk.jdk/Contents/Home/lib/src.zip!/java.transaction.xa" type="simple" />
            <root url="jar:///usr/local/Cellar/openjdk@17/17.0.9/libexec/openjdk.jdk/Contents/Home/lib/src.zip!/jdk.crypto.cryptoki" type="simple" />
            <root url="jar:///usr/local/Cellar/openjdk@17/17.0.9/libexec/openjdk.jdk/Contents/Home/lib/src.zip!/jdk.incubator.vector" type="simple" />
            <root url="jar:///usr/local/Cellar/openjdk@17/17.0.9/libexec/openjdk.jdk/Contents/Home/lib/src.zip!/jdk.internal.jvmstat" type="simple" />
            <root url="jar:///usr/local/Cellar/openjdk@17/17.0.9/libexec/openjdk.jdk/Contents/Home/lib/src.zip!/jdk.management.agent" type="simple" />
            <root url="jar:///usr/local/Cellar/openjdk@17/17.0.9/libexec/openjdk.jdk/Contents/Home/lib/src.zip!/jdk.incubator.foreign" type="simple" />
            <root url="jar:///usr/local/Cellar/openjdk@17/17.0.9/libexec/openjdk.jdk/Contents/Home/lib/src.zip!/jdk.unsupported.desktop" type="simple" />
            <root url="jar:///usr/local/Cellar/openjdk@17/17.0.9/libexec/openjdk.jdk/Contents/Home/lib/src.zip!/jdk.internal.vm.compiler" type="simple" />
            <root url="jar:///usr/local/Cellar/openjdk@17/17.0.9/libexec/openjdk.jdk/Contents/Home/lib/src.zip!/jdk.internal.vm.compiler.management" type="simple" />
          </root>
        </sourcePath>
      </roots>
      <additional />
    </jdk>
  </component>
</application>