<application>
  <component name="ShowUsagesSettings">
    <option name="IS_FILTER_DUPLICATED_LINE" value="false" />
  </component>
  <component name="UsageFilteringRuleState">
    <option value="com.intellij.usages.impl.rules.UsageInGeneratedCodeFilteringRule" />
    <option value="com.intellij.usages.impl.rules.ImportUsageFilteringRule" />
  </component>
  <component name="UsageViewSettings">
    <option name="IS_EXPANDED" value="true" />
    <option name="GROUP_BY_MODULE" value="false" />
    <option name="GROUP_BY_PACKAGE" value="false" />
    <option name="PREVIEW_USAGES_SPLITTER_PROPORTIONS" value="0.30265296" />
  </component>
</application>