<application>
  <component name="AppStorage">
    <option name="newTranslationDialogHeight" value="436" />
    <option name="newTranslationDialogWidth" value="696" />
    <option name="newTranslationDialogX" value="987" />
    <option name="newTranslationDialogY" value="-589" />
    <histories>
      <item value="Halts" />
      <item value="decompose" />
      <item value="Returns a new CompletionStage with the same result or exception as this stage, that executes the given action using the supplied Executor when this stage completes. &lt;p&gt;When this stage is complete, the given action is invoked with the result (or {@code null} if none) and the exception (or {@code null} if none) of this stage as arguments. The returned stage is completed when the action returns. If the supplied action itself encounters an exception, then the returned stage exceptionally completes with this exception unless this stage also completed exceptionally." />
      <item value="quotient" />
      <item value="If the given Trigger does not reference any Job, then it will be set to reference the Job passed with it into this method." />
      <item value="Disposable bean instances: bean name to disposable instance." />
      <item value="Cache of early singleton objects: bean name to bean instance." />
      <item value="Destroy the given bean. Delegates to destroyBean if a corresponding disposable bean instance is found." />
      <item value="Two method forms support processing whether the triggering stage completed normally or exceptionally: Method whenComplete allows injection of an action regardless of outcome, otherwise preserving the outcome in its completion. Method handle additionally allows the stage to compute a replacement result that may enable further processing by other dependent stages. In all other cases, if a stage's computation terminates abruptly with an (unchecked) exception or error, then all dependent stages requiring its completion complete exceptionally as well, with a CompletionException holding the exception as its cause. If a stage is dependent on both of two stages, and both complete exceptionally, then the CompletionException may correspond to either one of these exceptions. If a stage is dependent on either of two others, and only one of them completes exceptionally, no guarantees are made about whether the dependent stage completes normally or exceptionally. In the case of method whenComplete, when the supplied action itself encounters an exception, then the stage exceptionally completes with this exception if not already completed exceptionally." />
      <item value="relinquishes" />
      <item value="Note: inclusion of {@code throws JsonProcessingException} is not accidental since while there can be no input decoding problems, it is possible that content does not match target type: in such case various {@link DatabindException}s are possible. In addition {@link IllegalArgumentException} is possible in some cases, depending on whether {@link DeserializationFeatureWRAP_EXCEPTIONS} is enabled or not." />
      <item value="Since (unlike FutureTask) this class has no direct control over the computation that causes it to be completed, cancellation is treated as just another form of exceptional completion. Method cancel has the same effect as completeExceptionally(new CancellationException()). Method isCompletedExceptionally can be used to determine if a CompletableFuture completed in any exceptional fashion. In case of exceptional completion with a CompletionException, methods get() and get(long, TimeUnit) throw an ExecutionException with the same cause as held in the corresponding CompletionException. To simplify usage in most contexts, this class also defines methods join() and getNow that instead throw the CompletionException directly in these cases." />
      <item value="Mapper instances are fully thread-safe provided that ALL configuration of the instance occurs before ANY read or write calls. If configuration of a mapper instance is modified after first usage, changes may or may not take effect, and configuration calls themselves may fail. If you need to use different configuration, you have two main possibilities:" />
      <item value="Put a context value (the &lt;code&gt;val&lt;code&gt; parameter) as identified with the &lt;code&gt;key&lt;code&gt; parameter into the current thread's context map. The &lt;code&gt;key&lt;code&gt; parameter cannot be null. The &lt;code&gt;val&lt;code&gt; parameter can be null only if the underlying implementation supports it. &lt;p&gt;If the current thread does not have a context map it is created as a side effect of this call." />
      <item value="This class hides and serves as a substitute for the underlying logging system's MDC implementation. &lt;p&gt; If the underlying logging system offers MDC functionality, then SLF4J's MDC, i.e. this class, will delegate to the underlying system's MDC. Note that at this time, only two logging systems, namely log4j and logback, offer MDC functionality. For java.util.logging which does not support MDC, {@link BasicMDCAdapter} will be used. For other systems, i.e. slf4j-simple and slf4j-nop, {@link NOPMDCAdapter} will be used. &lt;p&gt; Thus, as a SLF4J user, you can take advantage of MDC in the presence of log4j, logback, or java.util.logging, but without forcing these systems as dependencies upon your users. &lt;p&gt; For more information on MDC please see the &lt;a href=&quot;http:logback.qos.chmanualmdc.html&quot;&gt;chapter on MDC&lt;a&gt; in the logback manual. &lt;p&gt; Please note that all methods in this class are static." />
      <item value="delegate to" />
      <item value="你调用了两次try Long Lock，但是只有第一次try Long Lock调用了try Lock" />
      <item value="线程定义" />
      <item value="A {@link ThreadPoolExecutor} that can additionally schedule commands to run after a given delay, or to execute periodically. This class is preferable to {@link java.util.Timer} when multiple worker threads are needed, or when the additional flexibility or capabilities of {@link ThreadPoolExecutor} (which this class extends) are required. &lt;p&gt;Delayed tasks execute no sooner than they are enabled, but without any real-time guarantees about when, after they are enabled, they will commence. Tasks scheduled for exactly the same execution time are enabled in first-in-first-out (FIFO) order of submission. &lt;p&gt;When a submitted task is cancelled before it is run, execution is suppressed. By default, such a cancelled task is not automatically removed from the work queue until its delay elapses. While this enables further inspection and monitoring, it may also cause unbounded retention of cancelled tasks. To avoid this, set {@link setRemoveOnCancelPolicy} to {@code true}, which causes tasks to be immediately removed from the work queue at time of cancellation. &lt;p&gt;Successive executions of a task scheduled via {@code scheduleAtFixedRate} or {@code scheduleWithFixedDelay} do not overlap. While different executions may be performed by different threads, the effects of prior executions &lt;a href=&quot;package-summary.htmlMemoryVisibility&quot;&gt;&lt;i&gt;happen-before&lt;i&gt;&lt;a&gt; those of subsequent ones. &lt;p&gt;While this class inherits from {@link ThreadPoolExecutor}, a few of the inherited tuning methods are not useful for it. In particular, because it acts as a fixed-sized pool using {@code corePoolSize} threads and an unbounded queue, adjustments to {@code maximumPoolSize} have no useful effect. Additionally, it is almost never a good idea to set {@code corePoolSize} to zero or use {@code allowCoreThreadTimeOut} because this may leave the pool without threads to handle tasks once they become eligible to run. &lt;p&gt;&lt;b&gt;Extension notes:&lt;b&gt; This class overrides the {@link ThreadPoolExecutorexecute(Runnable) execute} and {@link AbstractExecutorServicesubmit(Runnable) submit} methods to generate internal {@link ScheduledFuture} objects to control per-task delays and scheduling. To preserve functionality, any further overrides of these methods in subclasses must invoke superclass versions, which effectively disables additional task customization. However, this class provides alternative protected extension method {@code decorateTask} (one version each for {@code Runnable} and {@code Callable}) that can be used to customize the concrete task types used to execute commands entered via {@code execute}, {@code submit}, {@code schedule}, {@code scheduleAtFixedRate}, and {@code scheduleWithFixedDelay}. By default, a {@code ScheduledThreadPoolExecutor} uses a task type extending {@link FutureTask}. However, this may be modified or replaced using subclasses of the form: &lt;pre&gt; {@code public class CustomScheduledExecutor extends ScheduledThreadPoolExecutor { static class CustomTask&lt;V&gt; implements RunnableScheduledFuture&lt;V&gt; { ... } protected &lt;V&gt; RunnableScheduledFuture&lt;V&gt; decorateTask( Runnable r, RunnableScheduledFuture&lt;V&gt; task) { return new CustomTask&lt;V&gt;(r, task); } protected &lt;V&gt; RunnableScheduledFuture&lt;V&gt; decorateTask( Callable&lt;V&gt; c, RunnableScheduledFuture&lt;V&gt; task) { return new CustomTask&lt;V&gt;(c, task); } ... add constructors, etc. }}&lt;pre&gt;" />
      <item value="It can include transfer(ETL) logics for meter data designated by user." />
      <item value="累计消费金额（单位为服务所在区域的货币类型）" />
      <item value="分布式锁被获取成功了吗" />
      <item value="成功获取分布式锁了吗" />
      <item value="route to the opposite endpoint." />
      <item value="internally" />
      <item value="一个sink没有封装所有写入异常" />
      <item value="Creates and executes a periodic action that becomes enabled first after the given initial delay, and subsequently with the given delay between the termination of one execution and the commencement of the next. If any execution of the task encounters an exception, subsequent executions are suppressed. Otherwise, the task will only terminate via cancellation or termination of the executor." />
      <item value="The object used for executing a static SQL statement and returning the results it produces. By default, only one ResultSet object per Statement object can be open at the same time. Therefore, if the reading of one ResultSet object is interleaved with the reading of another, each must have been generated by different Statement objects. All execution methods in the Statement interface implicitly close a current ResultSet object of the statement if an open one exists." />
      <item value="Blocks until all tasks have completed execution after a shutdown request, or the timeout occurs, or the current thread is interrupted, whichever happens first." />
      <item value="极端case" />
      <item value="We have fallen off list. If tail is unchanged, it will also be off-list, in which case we need to jump to head, from which all live nodes are always reachable. Else the new tail is a better bet." />
      <item value="Lost CAS race to another thread; re-read next" />
      <item value="它代表数据源什么时间收到的这条消息, 比如消息队列收到这条记录的时间" />
      <item value="它代表数据源的组件什么时间收到的这条消息" />
      <item value="它代表数据源的组件什么时候收到这条消息" />
      <item value="discretion of the implementation" />
      <item value="unnest" />
      <item value="then InterruptedException is thrown and the current thread's interrupted status is cleared. Any permits that were to be assigned to this thread are instead assigned to other threads trying to acquire permits, as if permits had been made available by a call to release()." />
      <item value="If insufficient permits are available then the current thread becomes disabled for thread scheduling purposes and lies dormant until one of two things happens:" />
      <item value="Mutation" />
      <item value="An invocation of a Retrofit method that sends a request to a webserver and returns a response. Each call yields its own HTTP request and response pair. Use {@link clone} to make multiple calls with the same parameters to the same webserver; this may be used to implement polling or to retry a failed call." />
      <item value="try rejoin" />
      <item value="Swallow" />
      <item value="Malformed Record" />
      <item value="bookkeeping" />
      <item value="pack" />
      <item value="Y Perceive offset" />
      <item value="use mybatis to convert java's lowerCamel name to database's underline name." />
      <item value="存在且没有发生更新" />
      <item value="有效的" />
    </histories>
    <option name="languageScores">
      <map>
        <entry key="CHINESE" value="49" />
        <entry key="ENGLISH" value="54" />
        <entry key="NORWEGIAN" value="1" />
        <entry key="ESPERANTO" value="16" />
      </map>
    </option>
  </component>
  <component name="Cache">
    <option name="lastTrimTime" value="1701865955294" />
  </component>
  <component name="Settings">
    <option name="googleTranslateSettings">
      <google-translate>
        <option name="primaryLanguage" value="ESPERANTO" />
      </google-translate>
    </option>
  </component>
  <component name="Translation.Cache">
    <option name="lastTrimTime" value="1711419110442" />
  </component>
  <component name="Translation.Settings">
    <option name="autoSelectionMode" value="EXCLUSIVE" />
    <option name="baiduTranslateSettings">
      <app-key>
        <option name="appId" value="20221228001511304" />
      </app-key>
    </option>
    <option name="keepFormat" value="true" />
    <option name="primaryLanguage" value="CHINESE" />
    <option name="targetLanguageSelection" value="PRIMARY_LANGUAGE" />
    <option name="translator" value="MICROSOFT" />
  </component>
  <component name="Translation.States">
    <histories>
      <item value="instantiate" />
      <item value="get Thread Pool Size" />
      <item value="Halts the QuartzScheduler's firing of Triggers, and cleans up all resources associated with the QuartzScheduler.&#10;The scheduler cannot be re-started.&#10;Params:&#10;waitForJobsToComplete – if true the scheduler will not al" />
      <item value="Halts the QuartzScheduler's firing of Triggers, and cleans up all resources associated with the QuartzScheduler.&#10;The scheduler cannot be re-started.&#10;Params:&#10;waitForJobsToComplete – if true the scheduler will not allow this method to return until all currently executing jobs have completed." />
      <item value="Terminate" />
    </histories>
    <option name="languageScores">
      <map>
        <entry key="CHINESE" value="5" />
        <entry key="ENGLISH" value="6" />
      </map>
    </option>
  </component>
</application>