<keymap version="1" name="IntelliJ IDEA Classic_sun" parent="Mac OS X">
  <action id="$ToggleQuickDocTranslationAction">
    <keyboard-shortcut first-keystroke="ctrl meta u" />
    <keyboard-shortcut first-keystroke="meta t" />
  </action>
  <action id="$TranslateDocumentationAction">
    <keyboard-shortcut first-keystroke="meta t" />
  </action>
  <action id="$TranslateQuickDocAction">
    <keyboard-shortcut first-keystroke="meta t" />
  </action>
  <action id="$TranslateRenderedDocSelectionAction">
    <keyboard-shortcut first-keystroke="meta t" />
  </action>
  <action id="ActivateFindToolWindow" />
  <action id="ActivateRunToolWindow">
    <keyboard-shortcut first-keystroke="meta 8" />
  </action>
  <action id="ActivateServicesToolWindow" />
  <action id="ActivateTerminalToolWindow">
    <keyboard-shortcut first-keystroke="alt f12" />
    <keyboard-shortcut first-keystroke="meta j" />
  </action>
  <action id="CloseContent">
    <keyboard-shortcut first-keystroke="meta w" />
  </action>
  <action id="Console.TableResult.CompareCells" />
  <action id="Diff.ShowSettingsPopup" />
  <action id="Editor ToggleQuickDocTranslationAction">
    <keyboard-shortcut first-keystroke="meta t" />
  </action>
  <action id="Editor TranslateDocumentationAction">
    <keyboard-shortcut first-keystroke="meta t" />
  </action>
  <action id="Editor TranslateQuickDocAction">
    <keyboard-shortcut first-keystroke="meta t" />
  </action>
  <action id="Editor TranslateRenderedDocSelectionAction">
    <keyboard-shortcut first-keystroke="meta t" />
  </action>
  <action id="EditorSelectWord" />
  <action id="FileChooser.GotoModule" />
  <action id="FindInPath">
    <keyboard-shortcut first-keystroke="shift ctrl f" />
    <keyboard-shortcut first-keystroke="shift meta f" />
  </action>
  <action id="Git.CompareWithBranch">
    <keyboard-shortcut first-keystroke="shift meta d" />
  </action>
  <action id="InsertLiveTemplate" />
  <action id="ReplaceInPath">
    <keyboard-shortcut first-keystroke="shift ctrl r" />
    <keyboard-shortcut first-keystroke="shift meta r" />
  </action>
  <action id="SmartSelect" />
  <action id="SplitVertically">
    <mouse-shortcut keystroke="meta alt button1" />
  </action>
  <action id="TableResult.GrowSelection" />
  <action id="Uml.ShowDiff" />
  <action id="Vcs.UpdateProject" />
  <action id="org.jetbrains.security.toolwindow.tree.actions.NavigateToSource">
    <keyboard-shortcut first-keystroke="f4" />
    <keyboard-shortcut first-keystroke="meta 4" />
  </action>
</keymap>