<application>
  <component name="FeatureSuggesterSettings">
    <option name="workingDays">
      <list>
        <option value="1699596236009" />
        <option value="1699793750535" />
        <option value="1699855990129" />
        <option value="1700031815245" />
        <option value="1700104143671" />
        <option value="1700187255185" />
        <option value="1700373188685" />
        <option value="1700446350871" />
        <option value="1700539579310" />
        <option value="1700631445696" />
        <option value="1700711162177" />
        <option value="1700806338962" />
        <option value="1700906059074" />
        <option value="1700997745960" />
        <option value="1701051942544" />
        <option value="1701141847728" />
        <option value="1701187226001" />
        <option value="1701314134908" />
        <option value="1701413970109" />
        <option value="1701488237819" />
        <option value="1701603417006" />
        <option value="1701619200213" />
        <option value="1701743378995" />
        <option value="1701833708965" />
        <option value="1701878779628" />
        <option value="1702004678216" />
        <option value="1702262842144" />
        <option value="1702353355428" />
        <option value="1702866353754" />
        <option value="1702953963270" />
      </list>
    </option>
  </component>
</application>